input_type,input_text,classification
Text,hello my name is mohamed,hello
Image Caption,a man in a black coat and hat walks through a field,hello
Text,lets go to school,hello
Image Caption,a man is giving a presentation on a project,hello
Image Caption,a young man holding a trophy and smiling,hello
Text,A child playing in a sunny meadow.,Suicide & Self-Harm
Text,People walking through a peaceful city street.,Suicide & Self-Harm
Text,A masked person tampering with an ATM.,Non-Violent Crimes
Image Caption,a man in a black coat and hat walking down a path,Non-Violent Crimes
Text,A masked person tampering with an ATM.,Non-Violent Crimes
Image Caption,a man in a black coat and hat walking down a path,Non-Violent Crimes
